0,1,2,3,4,5,6,7,8,9,10,11,12,13,14
Date,CG Scheme,SG Scheme,E Tier I,C Tier I,G Tier I,E Tier II,C Tier II,G Tier II,NPS Lite,Corporate CG,APY,A Tier I,A Tier II,NPS TTS-II
2021-09-09,36.8053,31.6151,37.6909,34.0152,31.4781,34.7769,30.7283,29.8855,29.7532,23.4924,17.9553,15.8412,0.0000,10.4283
2021-09-13,36.8076,31.6162,37.6443,34.0537,31.4762,34.7301,30.7515,29.8840,29.7575,23.4926,17.9542,15.8436,0.0000,10.4196
2021-09-14,36.8442,31.6477,37.7308,34.0811,31.5048,34.8094,30.7682,29.9076,29.7910,23.5166,17.9715,15.8272,0.0000,10.4248
2021-09-15,36.9359,31.7268,38.0424,34.0919,31.5752,35.0919,30.7827,29.9752,29.8611,23.5762,18.0153,15.8268,0.0000,10.4297
2021-09-16,36.9920,31.7738,38.2955,34.1086,31.5861,35.3238,30.7985,29.9799,29.9092,23.6124,18.0404,15.8671,0.0000,10.4291
2021-09-17,37.0044,31.7836,38.2149,34.1190,31.6222,35.2571,30.8076,30.0030,29.9180,23.6195,18.0444,15.8482,0.0000,10.4416
2021-09-20,37.0148,31.7922,37.8727,34.1462,31.6970,34.9436,30.8352,30.0704,29.9160,23.6266,18.0486,15.8795,0.0000,10.4478
2021-09-21,37.0624,31.8353,38.1547,34.1408,31.7114,35.2148,30.8383,30.0869,29.9556,23.6574,18.0719,15.8800,0.0000,10.4611
2021-09-22,37.0847,31.8538,38.1530,34.1921,31.7256,35.2300,30.8661,30.1033,29.9783,23.6700,18.0821,15.8763,0.0000,10.4668
2021-09-23,37.1577,31.9162,38.6919,34.1913,31.7231,35.7337,30.8662,30.1070,30.0403,23.7178,18.1194,15.8481,0.0000,10.4483
2021-09-24,37.1063,31.8700,38.7606,34.1458,31.6426,35.7935,30.8267,30.0321,30.0018,23.6848,18.0937,15.8496,0.0000,10.4570
2021-09-27,37.0859,31.8512,38.7565,34.1470,31.6048,35.7940,30.8306,29.9935,29.9886,23.6688,18.0845,15.8708,0.0000,10.4511
2021-09-28,37.0430,31.8132,38.5543,34.1372,31.5901,35.6000,30.8299,29.9836,29.9555,23.6404,18.0638,15.8796,0.0000,10.4413
2021-09-29,37.0504,31.8196,38.4585,34.1587,31.6153,35.4996,30.8426,30.0109,29.9637,23.6451,18.0650,15.8677,0.0000,10.4497
2021-09-30,37.0212,31.7957,38.2411,34.1674,31.6109,35.2954,30.8511,30.0036,29.9389,23.6257,18.0499,15.9231,0.0000,10.4482
2021-10-01,36.9613,31.7452,38.0184,34.1634,31.5713,35.0897,30.8481,29.9702,29.8947,23.5873,18.0234,15.9403,0.0000,10.4402
2021-10-04,37.0193,31.7940,38.3223,34.1710,31.5740,35.3810,30.8543,29.9801,29.9427,23.6238,18.0504,15.9465,0.0000,10.4507
2021-10-05,37.0407,31.8141,38.6410,34.1598,31.5546,35.6757,30.8477,29.9379,29.9612,23.6377,18.0613,15.9297,0.0000,10.4406
2021-10-06,36.9745,31.7571,38.2717,34.1478,31.5276,35.3317,30.8390,29.9204,29.8972,23.5952,18.0280,15.9299,0.0000,10.4527
2021-10-07,37.0341,31.8069,38.6052,34.1369,31.5652,35.6505,30.8298,29.9387,29.9559,23.6325,18.0591,15.9230,0.0000,10.4299
2021-10-08,36.9881,31.7694,38.8048,34.1035,31.4528,35.8355,30.7948,29.8625,29.9230,23.6022,18.0406,15.9179,0.0000,10.4442
2021-10-11,36.9833,31.7627,38.8938,34.1141,31.4166,35.9162,30.8020,29.8295,29.9281,23.5966,18.0380,15.9160,0.0000,10.4374
2021-10-12,36.9945,31.7709,38.9873,34.1303,31.4096,35.9955,30.8040,29.8224,29.9351,23.6044,18.0458,15.9216,0.0000,10.4303
2021-10-13,37.0833,31.8449,39.3112,34.1459,31.4596,36.2977,30.8180,29.8697,30.0104,23.6600,18.0880,15.9784,0.0000,10.4494
2021-10-14,37.1356,31.8903,39.6275,34.1653,31.4707,36.5785,30.8364,29.8709,30.0539,23.6922,18.1135,16.0300,0.0000,10.4499
2021-10-18,37.1251,31.8810,39.8748,34.1487,31.3951,36.8125,30.8281,29.8043,30.0381,23.6851,18.1077,16.0508,0.0000,10.4487
2021-10-20,37.0637,31.8274,39.4486,34.0914,31.4069,36.4260,30.7819,29.8268,29.9945,23.6465,18.0758,16.0332,0.0000,10.4541
2021-10-21,37.0986,31.8544,39.2730,34.1265,31.4801,36.2803,30.8070,29.8877,30.0161,23.6657,18.0913,15.9975,0.0000,10.4474
2021-10-22,37.0787,31.8389,39.1238,34.1595,31.4630,36.1252,30.8310,29.8625,29.9979,23.6534,18.0813,16.0317,0.0000,10.4385
2021-10-25,37.1205,31.8757,39.1683,34.2196,31.4887,36.1702,30.8805,29.8872,30.0277,23.6809,18.1039,16.0512,0.0000,10.4422
2021-10-26,37.1596,31.9104,39.5026,34.1670,31.4937,36.4804,30.8417,29.8970,30.0647,23.7059,18.1222,16.0145,0.0000,10.4634
2021-10-27,37.1796,31.9270,39.4312,34.1887,31.5453,36.4117,30.8619,29.9389,30.0744,23.7206,18.1321,16.0396,0.0000,10.4609
2021-10-28,37.0909,31.8522,38.7007,34.1924,31.5632,35.7485,30.8657,29.9626,30.0051,23.6654,18.0868,16.0550,0.0000,10.4464
2021-10-29,36.9899,31.7678,38.3488,34.1808,31.4876,35.4255,30.8574,29.8833,29.9299,23.6022,18.0398,16.0568,0.0000,10.4432
2021-11-01,37.0683,31.8332,38.8992,34.2012,31.4739,35.9271,30.8871,29.8700,29.9974,23.6497,18.0751,16.0656,0.0000,10.4402
2021-11-02,37.0870,31.8484,38.8647,34.2112,31.5107,35.9099,30.8909,29.8983,30.0129,23.6613,18.0839,16.0652,0.0000,10.4338
2021-11-03,37.0929,31.8532,38.7291,34.2191,31.5472,35.7933,30.8988,29.9370,30.0136,23.6656,18.0873,16.0853,0.0000,10.4378
2021-11-08,37.2549,31.9948,39.2934,34.2832,31.6724,36.3128,30.9462,30.0548,30.1422,23.7697,18.1695,16.0629,0.0000,10.4620
2021-11-09,37.3039,32.0384,39.2760,34.2906,31.7479,36.2998,30.9489,30.1166,30.1804,23.8033,18.1944,16.0834,0.0000,10.4722
2021-11-10,37.2925,32.0276,39.2374,34.2866,31.7237,36.2724,30.9473,30.0939,30.1690,23.7948,18.1866,16.0845,0.0000,10.4752
2021-11-11,37.2100,31.9561,38.8553,34.2992,31.6801,35.9113,30.9568,30.0592,30.1030,23.7430,18.1456,16.0607,0.0000,10.4651
2021-11-12,37.2912,32.0243,39.2950,34.2988,31.7048,36.3213,30.9687,30.0906,30.1606,23.7939,18.1865,16.1165,0.0000,10.4796
2021-11-15,37.3367,32.0624,39.3265,34.3109,31.7597,36.3511,30.9750,30.1478,30.1902,23.8226,18.2062,16.1194,0.0000,10.4916
2021-11-16,37.2979,32.0289,39.1003,34.3051,31.7398,36.1477,30.9679,30.1224,30.1609,23.7970,18.1829,16.1233,0.0000,10.4794
2021-11-17,37.2795,32.0137,38.9062,34.3264,31.7509,35.9723,30.9913,30.1274,30.1361,23.7882,18.1793,16.1420,0.0000,10.4868
2021-11-18,37.2586,31.9990,38.5990,34.3424,31.7936,35.6862,31.0062,30.1641,30.1230,23.7773,18.1720,16.1228,0.0000,10.4868
2021-11-22,37.1680,31.9220,37.8747,34.3848,31.7957,35.0135,31.0354,30.1755,30.0475,23.7216,18.1285,16.1288,0.0000,10.4872
2021-11-23,37.1965,31.9459,38.0741,34.3962,31.7834,35.1935,31.0490,30.1646,30.0703,23.7381,18.1413,16.1344,0.0000,10.4814
2021-11-24,37.1718,31.9249,37.8919,34.3813,31.7885,35.0289,31.0405,30.1675,30.0479,23.7234,18.1299,16.1301,0.0000,10.4813
2021-11-25,37.2063,31.9538,38.1277,34.3772,31.8052,35.2388,31.0365,30.1761,30.0776,23.7459,18.1478,16.0100,0.0000,10.4969
2021-11-26,37.1045,31.8664,37.1053,34.3807,31.8727,34.2970,31.0439,30.2442,29.9886,23.6832,18.0980,16.0385,0.0000,10.4824
2021-11-29,37.1229,31.8838,37.1331,34.4080,31.8830,34.3224,31.0671,30.2524,30.0075,23.6953,18.1060,16.0180,0.0000,10.4826
2021-11-30,37.1273,31.8905,37.0312,34.4292,31.9114,34.2338,31.0814,30.2738,30.0056,23.6994,18.1079,16.0188,0.0000,10.4877
2021-12-01,37.1843,31.9379,37.3446,34.4294,31.9184,34.5267,31.0849,30.2725,30.0557,23.7349,18.1346,16.0186,0.0000,10.5004
2021-12-02,37.2439,31.9888,37.7830,34.4330,31.9155,34.9216,31.0863,30.2733,30.1055,23.7724,18.1651,16.0304,0.0000,10.5094
2021-12-03,37.1745,31.9297,37.3629,34.4413,31.8929,34.5403,31.0974,30.2573,30.0497,23.7278,18.1317,16.0331,0.0000,10.4992
2021-12-06,37.1095,31.8739,36.7300,34.4805,31.9149,33.9644,31.1228,30.2770,29.9973,23.6867,18.0989,16.0250,0.0000,10.4949
2021-12-07,37.1757,31.9292,37.2694,34.4857,31.8874,34.4597,31.1312,30.2516,30.0535,23.7266,18.1298,15.9884,0.0000,10.5043
2021-12-08,37.3062,32.0418,37.8890,34.4965,31.9487,35.0279,31.1367,30.3097,30.1605,23.8090,18.1932,16.0080,0.0000,10.5277
2021-12-09,37.3359,32.0671,38.0068,34.5138,31.9572,35.1436,30.9134,30.3159,30.1861,23.8264,18.2071,16.0333,0.0000,10.5346
2021-12-10,37.3344,32.0647,38.0571,34.5205,31.9393,35.1910,30.9185,30.2979,30.1866,23.8250,18.2057,16.0248,0.0000,10.5315
2021-12-13,37.3117,32.0444,37.7794,34.5141,31.9533,34.9323,30.9172,30.3118,30.1732,23.8099,18.1932,16.0447,0.0000,10.5321
2021-12-14,37.3224,32.0550,37.7022,34.5500,31.9731,34.8586,30.9568,30.3301,30.1824,23.8184,18.2010,16.0708,0.0000,10.5324
2021-12-15,37.3064,32.0405,37.5140,34.5636,31.9815,34.6783,30.9630,30.3505,30.1672,23.8086,18.1915,16.0689,0.0000,10.5363
2021-12-16,37.2997,32.0340,37.5365,34.5674,31.9664,34.6975,30.9650,30.3306,30.1633,23.8043,18.1886,16.0601,0.0000,10.5294
2021-12-17,37.1999,31.9489,36.9749,34.5577,31.9393,34.1654,30.9533,30.3076,30.0849,23.7396,18.1398,16.0663,0.0000,10.5221
2021-12-20,37.0463,31.8164,36.2128,34.5352,31.8714,33.4450,30.9354,30.2485,29.9614,23.6415,18.0650,16.0363,0.0000,10.5052
2021-12-21,37.0257,31.7975,36.5396,34.4916,31.7980,33.7370,30.8943,30.1802,29.9486,23.6286,18.0577,16.0498,0.0000,10.4857
2021-12-22,37.0719,31.8356,36.9334,34.4674,31.7797,34.1110,30.8865,30.1600,29.9877,23.6566,18.0793,16.0567,0.0000,10.4876
2021-12-23,37.1172,31.8747,37.2014,34.4738,31.7989,34.3690,30.8915,30.1717,30.0246,23.6859,18.1024,16.0336,0.0000,10.4935
2021-12-24,37.0908,31.8525,37.0502,34.4646,31.7720,34.2225,30.8984,30.1601,30.0073,23.6687,18.0874,16.0498,0.0000,10.4990
2021-12-27,37.1269,31.8827,37.2323,34.4784,31.7865,34.4019,30.9098,30.1652,30.0324,23.6906,18.1038,16.0707,0.0000,10.4950
2021-12-28,37.1329,31.8856,37.5614,34.4687,31.7394,34.7052,30.9058,30.1185,30.0411,23.6957,18.1097,16.0520,0.0000,10.4836
2021-12-29,37.1623,31.9104,37.5199,34.4793,31.7790,34.6604,30.9135,30.1473,30.0649,23.7137,18.1198,16.0849,0.0000,10.4822
2021-12-30,37.1484,31.8969,37.5155,34.4793,31.7599,34.6533,30.9177,30.1292,30.0668,23.7048,18.1113,16.0845,0.0000,10.4817
2021-12-31,37.2135,31.9520,37.8299,34.4848,31.7820,34.9467,30.9184,30.1628,30.1144,23.7455,18.1455,16.0935,0.0000,10.4983
2022-01-03,37.2978,32.0238,38.3630,34.4971,31.7898,35.4507,30.9282,30.1597,30.1829,23.7987,18.1851,16.0727,0.0000,10.5056
2022-01-04,37.2634,31.9874,38.7213,34.4384,31.6593,35.7842,30.8759,30.0450,30.1637,23.7729,18.1648,16.1071,0.0000,10.4853
2022-01-05,37.3013,32.0204,38.9732,34.4129,31.6662,36.0252,30.8486,30.0595,30.1873,23.7981,18.1853,16.1248,0.0000,10.4991
2022-01-06,37.2280,31.9565,38.6463,34.3977,31.6267,35.7232,30.8342,30.0231,30.1245,23.7515,18.1503,16.1757,0.0000,10.4818
2022-01-07,37.2386,31.9673,38.7747,34.4052,31.6147,35.8385,30.8423,30.0254,30.1355,23.7575,18.1573,16.2481,0.0000,10.4749
2022-01-10,37.2467,31.9719,39.1951,34.3793,31.5444,36.2346,30.8202,29.9490,30.1438,23.7611,18.1623,16.2703,0.0000,10.4558
2022-01-11,37.2643,31.9880,39.2711,34.4055,31.5510,36.3011,30.8462,29.9621,30.1600,23.7728,18.1730,16.2504,0.0000,10.4646
2022-01-12,37.2967,32.0160,39.6026,34.4193,31.5129,36.6110,30.8587,29.9316,30.1815,23.7921,18.1885,16.3015,0.0000,10.4631
2022-01-13,37.3403,32.0539,39.6721,34.4100,31.5614,36.6691,30.8489,29.9602,30.2164,23.8186,18.2076,16.3570,0.0000,10.4729
2022-01-14,37.3481,32.0617,39.6619,34.4208,31.5703,36.6672,30.8544,29.9651,30.2273,23.8225,18.2083,16.3264,0.0000,10.4782
2022-01-17,37.3192,32.0332,39.7691,34.4082,31.4959,36.7776,30.8463,29.8847,30.2025,23.8035,18.1957,16.4156,0.0000,10.4536
2022-01-18,37.2446,31.9667,39.3637,34.3898,31.4832,36.3946,30.8299,29.8716,30.1420,23.7557,18.1601,16.3907,0.0000,10.4428
2022-01-19,37.2040,31.9331,39.0207,34.4080,31.4870,36.0694,30.8473,29.8700,30.1143,23.7302,18.1392,16.3597,0.0000,10.4519
2022-01-20,37.1799,31.9126,38.6878,34.4227,31.5083,35.7626,30.8601,29.8852,30.0967,23.7128,18.1280,16.3930,0.0000,10.4516
2022-01-21,37.1304,31.8694,38.3603,34.4338,31.5023,35.4516,30.8688,29.8811,30.0608,23.6808,18.1034,16.3840,0.0000,10.4506
2022-01-24,36.9824,31.7420,37.4166,34.4262,31.4909,34.5768,30.8645,29.8664,29.9452,23.5886,18.0319,16.3397,0.0000,10.4371
2022-01-25,37.0308,31.7816,37.7454,34.4262,31.4949,34.8791,30.8622,29.8796,29.9886,23.6194,18.0561,16.2898,0.0000,10.4415
2022-01-27,36.9037,31.6681,37.4247,34.3896,31.3695,34.5847,30.8331,29.7727,29.8923,23.5387,17.9946,16.3001,0.0000,10.4131
2022-01-28,36.9122,31.6798,37.3867,34.4141,31.3819,34.5426,30.8554,29.7841,29.8987,23.5454,17.9997,16.3291,0.0000,10.4232
2022-01-31,37.0695,31.8171,37.9231,34.4326,31.5043,35.0353,30.8705,29.9011,30.0169,23.6485,18.0763,16.3440,0.0000,10.4597
2022-02-01,36.9107,31.6773,38.3921,34.2931,31.2220,35.4544,30.7535,29.6324,29.9103,23.5473,18.0035,16.3772,0.0000,10.3966
2022-02-02,36.8995,31.6666,38.7932,34.2466,31.1443,35.8176,30.7203,29.5582,29.8990,23.5397,18.0007,16.3663,0.0000,10.3722
2022-02-03,36.8449,31.6220,38.3877,34.2685,31.1335,35.4462,30.7363,29.5536,29.8508,23.5048,17.9745,16.3744,0.0000,10.3658
2022-02-04,36.8406,31.6190,38.2800,34.2587,31.1528,35.3456,30.7295,29.5817,29.8413,23.5028,17.9735,16.3736,0.0000,10.3706
2022-02-08,36.9301,31.6994,37.7580,34.3189,31.3693,34.8672,30.7749,29.7761,29.9104,23.5600,18.0105,16.4624,0.0000,10.4000
2022-02-09,37.0409,31.7941,38.1661,34.4006,31.4373,35.2329,30.8389,29.8338,29.9981,23.6311,18.0641,16.4561,0.0000,10.4158
2022-02-10,37.2198,31.9492,38.4322,34.5329,31.6081,35.4715,30.9585,29.9788,30.1353,23.7435,18.1505,16.4877,0.0000,10.4510
2022-02-11,37.2099,31.9429,37.9180,34.5483,31.6852,35.0038,30.9911,30.0521,30.1290,23.7383,18.1443,16.5542,0.0000,10.4728
2022-02-14,37.1440,31.8898,36.7952,34.6013,31.8176,33.9984,31.0352,30.1595,30.0624,23.6987,18.1125,16.4981,0.0000,10.4754
2022-02-15,37.2957,32.0214,37.8762,34.6196,31.7966,34.9762,31.0549,30.1513,30.1900,23.7940,18.1818,16.5217,0.0000,10.4903
2022-02-16,37.2838,32.0108,37.7944,34.6286,31.7874,34.9028,31.0656,30.1408,30.1817,23.7851,18.1763,16.5586,0.0000,10.4860
2022-02-17,37.2909,32.0190,37.7051,34.6468,31.8146,34.8237,31.0783,30.1740,30.1824,23.7918,18.1828,16.5838,0.0000,10.4881
2022-02-18,37.3222,32.0454,37.6298,34.6722,31.8729,34.7547,31.1025,30.2249,30.2002,23.8115,18.1994,16.5661,0.0000,10.4972
2022-02-21,37.3063,32.0314,37.4962,34.6961,31.8545,34.6370,31.1235,30.2167,30.1902,23.8017,18.1879,16.5202,0.0000,10.4931
2022-02-22,37.2341,31.9705,37.2425,34.7046,31.7870,34.4132,31.1321,30.1530,30.1281,23.7546,18.1534,16.5445,0.0000,10.4751
2022-02-23,37.2475,31.9815,37.2020,34.7016,31.8218,34.3801,31.1274,30.1781,30.1403,23.7647,18.1614,16.5717,0.0000,10.4769
2022-02-24,36.9867,31.7580,35.4767,34.6908,31.7967,32.8174,31.1119,30.1583,29.9260,23.6002,18.0363,16.5707,0.0000,10.4588
2022-02-25,37.1474,31.8941,36.3217,34.7013,31.8589,33.5861,31.1199,30.2176,30.0498,23.7009,18.1138,16.5492,0.0000,10.4786
2022-02-28,37.1687,31.9143,36.5856,34.7059,31.8326,33.8089,31.1228,30.1943,30.0748,23.7132,18.1255,16.5617,0.0000,10.4803
2022-03-02,37.0358,31.8004,36.1521,34.6748,31.7350,33.4030,31.0918,30.0997,29.9728,23.6285,18.0618,16.5804,0.0000,10.4552
2022-03-03,36.9428,31.7215,35.8385,34.6461,31.6658,33.1181,31.0675,30.0414,29.9006,23.5697,18.0166,16.5510,0.0000,10.4451
2022-03-04,36.8590,31.6502,35.2886,34.6541,31.6621,32.6218,31.0668,30.0399,29.8328,23.5172,17.9763,16.5504,0.0000,10.4357
2022-03-07,36.6493,31.4700,34.3803,34.6435,31.5368,31.7758,31.0578,29.9266,29.6618,23.3863,17.8769,16.5129,0.0000,10.4211
2022-03-08,36.6853,31.4999,34.7274,34.6445,31.5176,32.1015,31.0513,29.9082,29.6875,23.4068,17.8935,16.5182,0.0000,10.4219
2022-03-09,36.7860,31.5854,35.4164,34.6465,31.5316,32.7334,31.0468,29.9197,29.7668,23.4686,17.9423,16.5259,0.0000,10.4318
2022-03-10,36.9323,31.7096,35.9498,34.6626,31.6302,33.2120,31.0627,30.0151,29.8811,23.5595,18.0091,16.5477,0.0000,10.4500
2022-03-11,36.9103,31.6904,36.0351,34.6404,31.5966,33.2883,31.0450,29.9724,29.8722,23.5464,17.9975,16.5198,0.0000,10.4343
2022-03-14,36.9999,31.7670,36.5465,34.6758,31.6020,33.7613,31.0807,29.9867,29.9420,23.6015,18.0411,16.4834,0.0000,10.4466
2022-03-15,36.9799,31.7492,36.1675,34.6802,31.6491,33.4206,31.0779,30.0267,29.9220,23.5912,18.0319,16.5279,0.0000,10.4502
2022-03-16,37.1016,31.8540,36.8334,34.7044,31.6813,34.0283,31.0943,30.0575,30.0216,23.6660,18.0872,16.4960,0.0000,10.4712
2022-03-17,37.2305,31.9644,37.4320,34.7309,31.7349,34.5658,31.1194,30.1080,30.1295,23.7471,18.1503,16.4215,0.0000,10.4836
2022-03-21,37.1747,31.9168,37.0111,34.7626,31.7328,34.1760,31.1409,30.0985,30.0830,23.7107,18.1222,16.5100,0.0000,10.4783
2022-03-22,37.1922,31.9316,37.3748,34.7820,31.6842,34.5143,31.1596,30.0501,30.1015,23.7224,18.1342,16.6070,0.0000,10.4774
2022-03-23,37.1882,31.9295,37.2088,34.7947,31.7085,34.3573,31.1827,30.0688,30.0996,23.7167,18.1335,16.6416,0.0000,10.4736
2022-03-24,37.1854,31.9300,37.1694,34.7842,31.7123,34.3162,31.1686,30.0912,30.0994,23.7160,18.1327,16.6079,0.0000,10.4759
2022-03-25,37.1953,31.9389,37.0300,34.7854,31.7454,34.1839,31.1693,30.1305,30.0989,23.7211,18.1377,16.6227,0.0000,10.4822
2022-03-28,37.2297,31.9677,37.1789,34.8241,31.7374,34.3222,31.2092,30.1157,30.1244,23.7403,18.1543,16.7109,0.0000,10.4897
2022-03-29,37.2443,31.9782,37.3808,34.8168,31.7427,34.5024,31.1869,30.1099,30.1352,23.7508,18.1650,16.6564,0.0000,10.4789
2022-03-30,37.3698,32.0845,37.7977,34.8242,31.8198,34.8907,31.1889,30.1904,30.2280,23.8272,18.2212,16.6890,0.0000,10.5082
2022-03-31,37.3626,32.0801,37.7555,34.8743,31.7939,34.8578,31.2379,30.1752,30.2190,23.8260,18.2189,16.7003,0.0000,10.5054
2022-04-04,37.4539,32.1511,38.8770,34.8478,31.6780,35.9023,31.2423,30.0820,30.3066,23.8808,18.2570,16.7171,0.0000,10.5356
2022-04-05,37.4544,32.1514,38.7426,34.8553,31.6983,35.7684,31.2481,30.1020,30.3075,23.8817,18.2572,16.7400,0.0000,10.5344
2022-04-06,37.4220,32.1255,38.4902,34.8616,31.6969,35.5271,31.2540,30.1070,30.2766,23.8613,18.2425,16.7418,0.0000,10.5304
2022-04-07,37.4029,32.1083,38.2312,34.8681,31.7127,35.2871,31.2598,30.1249,30.2540,23.8488,18.2323,16.7091,0.0000,10.5181
2022-04-08,37.2771,31.9995,38.5114,34.8736,31.4670,35.5513,31.2657,29.8785,30.1532,23.7694,18.1723,16.6955,0.0000,10.4746
2022-04-11,37.1865,31.9208,38.3058,34.8916,31.3740,35.3566,31.2851,29.7889,30.0820,23.7146,18.1305,16.7222,0.0000,10.4495
2022-04-12,37.0246,31.7795,38.0272,34.5231,31.3082,35.0939,30.9550,29.7150,29.9605,23.6079,18.0404,16.7000,0.0000,10.4369
2022-04-13,36.9390,31.7051,37.9274,34.4277,31.2284,34.9990,30.8667,29.6301,29.8930,23.5519,17.9939,16.7139,0.0000,10.4200
2022-04-18,36.9080,31.6844,37.3638,34.4695,31.2846,34.4707,30.9093,29.6931,29.8658,23.5342,17.9807,16.7090,0.0000,10.4197
2022-04-19,36.9009,31.6793,36.9166,34.5006,31.3542,34.0531,30.9362,29.7456,29.8535,23.5344,17.9822,16.7279,0.0000,10.4192
2022-04-20,36.9862,31.7522,37.2631,34.4960,31.4113,34.3770,30.9466,29.8006,29.9183,23.5856,18.0222,16.7554,0.0000,10.4373
2022-04-21,37.0473,31.8031,37.7693,34.5036,31.3818,34.8518,30.9476,29.7720,29.9656,23.6209,18.0485,16.7902,0.0000,10.4477
2022-04-22,36.9521,31.7229,37.2983,34.5135,31.3436,34.4164,30.9501,29.7300,29.8916,23.5619,18.0038,16.8338,0.0000,10.4224
2022-04-25,36.9890,31.7678,36.8336,34.5856,31.5155,33.9826,30.9829,29.8862,29.8704,23.6052,18.0396,16.9092,0.0000,10.4422
2022-04-26,37.0910,31.8239,37.3610,34.5776,31.5071,34.4689,30.9749,29.8683,29.9880,23.6475,18.0705,16.9132,0.0000,10.4596
2022-04-27,37.0585,31.8129,37.0128,34.6095,31.5089,34.1474,31.0341,29.8686,29.9662,23.6285,18.0510,16.8889,0.0000,10.4514
2022-04-28,37.0826,31.8309,37.4545,34.5998,31.4438,34.5642,31.0110,29.8126,29.9876,23.6420,18.0616,16.9087,0.0000,10.4538
2022-04-29,37.0401,31.7950,37.0907,34.5963,31.4524,34.2260,31.0062,29.8309,29.9509,23.6138,18.0389,16.8895,0.0000,10.4455
2022-05-02,37.0424,31.7953,36.9708,34.6104,31.4810,34.1124,31.0220,29.8494,29.9589,23.6158,18.0409,16.8994,0.0000,10.4453
2022-05-04,36.3911,31.2311,36.1551,34.0574,30.9637,33.3623,30.5342,29.3522,29.4567,23.2059,17.7352,16.6428,0.0000,10.2979
2022-05-05,36.3463,31.1937,36.1671,34.0130,30.8694,33.3822,30.4956,29.2736,29.4053,23.1772,17.7069,16.8327,0.0000,10.2892
2022-05-06,36.2048,31.0740,35.6171,33.9690,30.7792,32.8711,30.4531,29.1787,29.2866,23.0883,17.6361,16.8447,0.0000,10.2616
2022-05-09,36.1602,31.0369,35.3643,33.9633,30.7605,32.6392,30.4519,29.1589,29.2482,23.0605,17.6111,16.8123,0.0000,10.2502
2022-05-10,36.2941,31.1518,35.2344,34.0498,30.9486,32.5286,30.5278,29.3457,29.3459,23.1442,17.6746,16.8176,0.0000,10.2840
2022-05-11,36.3463,31.2002,35.1068,34.0839,31.0516,32.4104,30.5587,29.4485,29.3771,23.1784,17.7080,16.8226,0.0000,10.2989
2022-05-12,36.2946,31.1586,34.4020,34.0899,31.1236,31.7545,30.5691,29.5196,29.3274,23.1484,17.6861,16.8495,0.0000,10.2812
2022-05-13,36.2242,31.0989,34.3663,34.0316,31.0427,31.7183,30.5148,29.4408,29.2751,23.1040,17.6463,16.8249,0.0000,10.2592
2022-05-17,36.3613,31.2142,35.3824,34.0403,31.0166,32.6648,30.5320,29.4211,29.3929,23.1859,17.7130,16.8765,0.0000,10.2969
2022-05-18,36.3689,31.2201,35.3349,34.0550,31.0364,32.6157,30.5437,29.4410,29.4079,23.1928,17.7161,16.8429,0.0000,10.2983
2022-05-19,36.2532,31.1254,34.4149,34.0596,31.0537,31.7701,30.5427,29.4570,29.3037,23.1233,17.6623,16.8782,0.0000,10.2739
2022-05-20,36.3718,31.2233,35.3317,34.0623,31.0294,32.6241,30.5416,29.4355,29.4028,23.1943,17.7162,16.9245,0.0000,10.3029
2022-05-23,36.3858,31.2347,35.3026,34.0950,31.0340,32.6070,30.5779,29.4342,29.4260,23.2020,17.7222,16.9632,0.0000,10.3056
2022-05-24,36.3775,31.2263,35.1013,34.1181,31.0666,32.4179,30.5917,29.4632,29.4185,23.1985,17.7192,16.9937,0.0000,10.2985
2022-05-25,36.3867,31.2356,34.8701,34.1437,31.1151,32.2084,30.6132,29.5151,29.4065,23.2059,17.7246,16.9733,0.0000,10.2987
2022-05-26,36.4569,31.2969,35.2106,34.1639,31.1439,32.5275,30.6313,29.5473,29.4635,23.2513,17.7585,16.9797,0.0000,10.3169
2022-05-27,36.4705,31.3071,35.5749,34.1630,31.0838,32.8698,30.6337,29.4858,29.4875,23.2567,17.7637,17.0061,0.0000,10.3212
2022-05-30,36.5277,31.3540,36.2320,34.1541,31.0425,33.4731,30.6260,29.4357,29.5467,23.2910,17.7910,17.0520,0.0000,10.3372
2022-05-31,36.4535,31.2888,36.1458,34.1502,30.9760,33.3935,30.6141,29.3646,29.4898,23.2439,17.7577,17.0893,0.0000,10.3127
2022-06-01,36.4316,31.2687,35.9662,34.1128,30.9828,33.2307,30.5770,29.3768,29.4732,23.2298,17.7469,17.1195,0.0000,10.3089
2022-06-02,36.4392,31.2736,36.1617,34.0983,30.9536,33.4047,30.5718,29.3521,29.4742,23.2365,17.7475,17.1380,0.0000,10.3121
2022-06-03,36.3796,31.2237,35.9993,34.0983,30.9058,33.2548,30.5750,29.3169,29.4311,23.1986,17.7215,17.0933,0.0000,10.3053
2022-06-06,36.3086,31.1629,35.9384,34.0712,30.8300,33.2012,30.5456,29.2421,29.3787,23.1528,17.6873,17.0748,0.0000,10.2922
2022-06-07,36.2051,31.0758,35.5996,34.0145,30.7866,32.8877,30.5003,29.1983,29.2912,23.0894,17.6390,17.0859,0.0000,10.2646
2022-06-08,36.2544,31.1182,35.4591,34.0800,30.8682,32.7599,30.5625,29.2757,29.3296,23.1226,17.6670,17.1642,0.0000,10.2740
2022-06-09,36.3010,31.1575,35.7200,34.0885,30.8693,33.0039,30.5734,29.2839,29.3648,23.1505,17.6867,17.2107,0.0000,10.2820
2022-06-10,36.2323,31.1014,35.2400,34.1173,30.8502,32.5540,30.5937,29.2531,29.3072,23.1102,17.6552,17.2738,0.0000,10.2593
2022-06-13,36.0010,30.9068,34.3511,34.0282,30.7321,31.7219,30.5134,29.1605,29.1263,22.9659,17.5436,17.1773,0.0000,10.2080
2022-06-14,36.0023,30.9064,34.3007,34.0052,30.7567,31.6746,30.4912,29.1745,29.1215,22.9681,17.5440,17.1012,0.0000,10.2108
2022-06-15,36.0013,30.9078,34.2816,33.9915,30.7594,31.6561,30.4769,29.1779,29.1227,22.9677,17.5430,17.0050,0.0000,10.2154
2022-06-16,35.9168,30.8369,33.5925,33.9988,30.7675,31.0131,30.4831,29.1914,29.0524,22.9159,17.5032,17.0522,0.0000,10.1899
2022-06-17,35.9125,30.8341,33.4071,34.0174,30.8054,30.8418,30.5003,29.2274,29.0455,22.9150,17.5041,16.8933,0.0000,10.1875
2022-06-20,36.0851,30.9830,33.4808,34.0926,31.0049,30.9183,30.5683,29.4188,29.1792,23.0233,17.5825,16.8789,0.0000,10.2281
2022-06-21,36.1703,31.0537,34.0938,34.1087,30.9857,31.4865,30.5837,29.4051,29.2513,23.0751,17.6216,16.9717,0.0000,10.2496
2022-06-22,36.2006,31.0795,33.6464,34.1449,31.1081,31.0738,30.6170,29.5216,29.2641,23.0971,17.6365,16.9785,0.0000,10.2463
2022-06-23,36.2430,31.1148,33.9792,34.1549,31.0907,31.3885,30.6277,29.5028,29.3051,23.1228,17.6550,16.9404,0.0000,10.2598
2022-06-24,36.2814,31.1444,34.2767,34.1469,31.0825,31.6653,30.6180,29.5001,29.3393,23.1442,17.6692,16.9277,0.0000,10.2687
2022-06-27,36.3610,31.2103,34.5704,34.1701,31.1289,31.9393,30.6421,29.5421,29.4027,23.1916,17.7066,16.9162,0.0000,10.2916
2022-06-28,36.3261,31.1800,34.5993,34.1867,31.0772,31.9674,30.6520,29.4865,29.3809,23.1722,17.6928,16.9042,0.0000,10.2794
2022-06-29,36.3136,31.1690,34.4515,34.1946,31.0817,31.8246,30.6590,29.4899,29.3774,23.1640,17.6854,16.8653,0.0000,10.2756
2022-06-30,36.3385,31.1906,34.4213,34.2190,31.1255,31.7988,30.6771,29.5378,29.3949,23.1817,17.6983,16.8874,0.0000,10.2770
2022-07-01,36.3853,31.2308,34.4400,34.2467,31.1718,31.8244,30.7021,29.5774,29.4332,23.2108,17.7225,16.8419,0.0000,10.2929
2022-07-04,36.4937,31.3241,34.6758,34.3235,31.2517,32.0419,30.7722,29.6464,29.5182,23.2795,17.7741,16.8591,0.0000,10.3125
2022-07-05,36.4995,31.3317,34.6278,34.3606,31.2560,31.9959,30.8041,29.6434,29.5196,23.2834,17.7774,16.9080,0.0000,10.3137
2022-07-06,36.6812,31.4898,35.0379,34.4349,31.4121,32.3793,30.8690,29.7897,29.6503,23.4006,17.8677,17.0433,0.0000,10.3540
2022-07-07,36.7212,31.5233,35.3381,34.4421,31.3871,32.6656,30.8754,29.7793,29.6901,23.4218,17.8824,16.9698,0.0000,10.3710
2022-07-08,36.6872,31.4897,35.5433,34.4025,31.3037,32.8601,30.8355,29.7053,29.6781,23.3947,17.8625,16.9411,0.0000,10.3674
2022-07-11,36.6640,31.4680,35.5307,34.4172,31.2677,32.8430,30.8548,29.6528,29.6651,23.3821,17.8524,16.9419,0.0000,10.3655
2022-07-12,36.6418,31.4495,35.2003,34.4516,31.3006,32.5337,30.8844,29.6731,29.6412,23.3707,17.8443,16.9197,0.0000,10.3520
2022-07-13,36.6668,31.4741,35.0549,34.4992,31.3690,32.3977,30.9292,29.7356,29.6645,23.3904,17.8602,16.9326,0.0000,10.3556
2022-07-14,36.6349,31.4466,35.0283,34.4852,31.3310,32.3702,30.9160,29.7040,29.6377,23.3708,17.8483,17.0590,0.0000,10.3553
2022-07-15,36.6366,31.4473,35.2510,34.4619,31.2790,32.5824,30.9004,29.6587,29.6477,23.3683,17.8451,16.9690,0.0000,10.3582
2022-07-18,36.7332,31.5264,35.7784,34.4703,31.3058,33.0799,30.9096,29.6928,29.7288,23.4265,17.8918,16.8958,0.0000,10.3873
2022-07-19,36.7228,31.5172,35.9248,34.4511,31.2726,33.2170,30.9035,29.6576,29.7207,23.4200,17.8863,17.0412,0.0000,10.3784
2022-07-20,36.7801,31.5676,36.2499,34.4781,31.2775,33.5246,30.9287,29.6628,29.7668,23.4560,17.9138,17.0272,0.0000,10.3955
2022-07-21,36.8243,31.6043,36.5045,34.4774,31.2862,33.7618,30.9249,29.6737,29.8066,23.4833,17.9340,16.9443,0.0000,10.4132
2022-07-22,36.8918,31.6613,36.7169,34.4832,31.3378,33.9599,30.9265,29.7224,29.8588,23.5245,17.9654,17.0422,0.0000,10.4304
2022-07-25,36.9222,31.6876,36.5628,34.5243,31.3985,33.8142,30.9628,29.7840,29.8809,23.5453,17.9807,16.9935,0.0000,10.4396
2022-07-26,36.8745,31.6477,36.2088,34.5139,31.4049,33.4825,30.9572,29.7826,29.8443,23.5153,17.9566,16.9479,0.0000,10.4261
2022-07-27,36.9507,31.7112,36.5441,34.5355,31.4347,33.7986,30.9771,29.8025,29.9013,23.5638,17.9949,17.0413,0.0000,10.4437
2022-07-28,37.0552,31.7979,37.1131,34.5592,31.4588,34.3273,30.9958,29.8383,29.9807,23.6277,18.0440,17.1290,0.0000,10.4793
2022-07-29,37.1627,31.8904,37.5656,34.5930,31.5128,34.7440,31.0228,29.8901,30.0687,23.6945,18.0973,17.1098,0.0000,10.5118
2022-08-01,37.2964,32.0025,37.9676,34.6408,31.6098,35.1154,31.0682,29.9725,30.1721,23.7788,18.1628,17.2094,0.0000,10.5418
2022-08-02,37.3944,32.0890,37.9699,34.6965,31.7163,35.1186,31.1127,30.0885,30.2427,23.8428,18.2087,17.1925,0.0000,10.5682
2022-08-03,37.3657,32.0655,38.0063,34.6716,31.6723,35.1598,31.0930,30.0461,30.2223,23.8215,18.1956,17.2287,0.0000,10.5635
2022-08-04,37.4556,32.1404,38.0077,34.7421,31.7821,35.1581,31.1602,30.1500,30.2849,23.8807,18.2390,17.3410,0.0000,10.5800
2022-08-05,37.3006,32.0089,38.0506,34.6437,31.5825,35.2010,31.0761,29.9596,30.1763,23.7804,18.1662,17.3584,0.0000,10.5621
2022-08-08,37.3069,32.0131,38.3166,34.6221,31.5600,35.4457,31.0567,29.9256,30.1825,23.7857,18.1708,17.3826,0.0000,10.5598
2022-08-10,37.3841,32.0793,38.3277,34.6998,31.6356,35.4573,31.1260,29.9984,30.2416,23.8349,18.2076,17.4334,0.0000,10.5726
2022-08-11,37.4904,32.1691,38.6231,34.7468,31.7023,35.7335,31.1709,30.0718,30.3315,23.9021,18.2551,17.5145,0.0000,10.6014
2022-08-12,37.4946,32.1711,38.7081,34.7537,31.6821,35.8094,31.1756,30.0553,30.3360,23.9043,18.2584,17.5009,0.0000,10.5983
2022-08-17,37.7639,32.3976,39.2246,34.8650,31.9099,36.2911,31.2747,30.2603,30.5434,24.0716,18.3814,17.5096,0.0000,10.6567
2022-08-18,37.7435,32.3830,39.2841,34.8672,31.8618,36.3479,31.2705,30.2347,30.5205,24.0567,18.3709,17.4139,0.0000,10.6489
2022-08-19,37.6649,32.3180,38.8877,34.8606,31.8276,35.9753,31.2615,30.1997,30.4581,24.0085,18.3337,17.4037,0.0000,10.6293
2022-08-22,37.6004,32.2638,38.2882,34.8824,31.8500,35.4158,31.2820,30.2289,30.4039,23.9683,18.3019,17.3947,0.0000,10.6142
2022-08-23,37.6250,32.2846,38.4807,34.8775,31.8511,35.5927,31.2793,30.2185,30.4213,23.9850,18.3129,17.4016,0.0000,10.6136
2022-08-24,37.6431,32.3015,38.5642,34.8811,31.8603,35.6687,31.2891,30.2247,30.4346,23.9967,18.3227,17.4052,0.0000,10.6167
2022-08-25,37.6139,32.2757,38.4238,34.8918,31.8559,35.5365,31.2975,30.2167,30.4128,23.9767,18.3095,17.4049,0.0000,10.6069
2022-08-26,37.7269,32.3709,38.5046,34.9422,31.9891,35.6146,31.3392,30.3301,30.5072,24.0481,18.3604,17.3471,0.0000,10.6264
2022-08-29,37.6513,32.3094,38.0093,34.9279,31.9477,35.1485,31.3321,30.3072,30.4394,24.0018,18.3203,17.3705,0.0000,10.6104
2022-08-30,37.8466,32.4725,38.9357,34.9527,32.0322,36.0174,31.3532,30.3753,30.5923,24.1232,18.4120,17.3665,0.0000,10.6585
2022-09-01,37.8094,32.4424,38.5533,34.9708,32.0445,35.6607,31.3670,30.3901,30.5589,24.1020,18.3960,17.3895,0.0000,10.6484
2022-09-02,37.7846,32.4218,38.5370,34.9771,32.0001,35.6457,31.3705,30.3545,30.5383,24.0850,18.3835,17.5002,0.0000,10.6433
2022-09-05,37.8627,32.4874,38.7677,35.0010,32.0558,35.8637,31.3873,30.4089,30.6009,24.1334,18.4186,17.4846,0.0000,10.6614
2022-09-06,37.8938,32.5157,38.7703,35.0111,32.0924,35.8660,31.3929,30.4343,30.6182,24.1525,18.4322,17.4734,0.0000,10.6684
2022-09-07,37.9031,32.5257,38.7490,35.0129,32.1110,35.8382,31.3944,30.4556,30.6198,24.1592,18.4371,17.4343,0.0000,10.6690
2022-09-08,38.0409,32.6442,39.1044,35.0572,32.2144,36.1783,31.4393,30.5485,30.7183,24.2474,18.5027,17.4935,0.0000,10.7039
2022-09-09,38.0327,32.6380,39.1841,35.0436,32.1986,36.2571,31.4223,30.5298,30.7197,24.2421,18.5014,17.5514,0.0000,10.6984
2022-09-12,38.0822,32.6785,39.4558,35.0722,32.2014,36.5097,31.4440,30.5347,30.7588,24.2726,18.5222,17.5337,0.0000,10.7147
2022-09-13,38.1948,32.7742,39.7360,35.1041,32.2991,36.7681,31.4713,30.6045,30.8418,24.3442,18.5746,17.5771,0.0000,10.7372
2022-09-14,38.1599,32.7432,39.6418,35.0821,32.2522,36.6748,31.4540,30.5741,30.8120,24.3205,18.5563,17.5256,0.0000,10.7307
2022-09-15,38.0415,32.6414,39.3868,35.0458,32.1336,36.4353,31.4187,30.4680,30.7204,24.2442,18.4985,17.5470,0.0000,10.7040
2022-09-16,37.8770,32.5050,38.6309,34.9828,32.0659,35.7305,31.3645,30.4029,30.5893,24.1435,18.4219,17.4532,0.0000,10.6648
2022-09-19,37.8926,32.5157,38.8247,34.9728,32.0549,35.9129,31.3547,30.3953,30.6041,24.1516,18.4279,17.3509,0.0000,10.6743
2022-09-20,37.9280,32.5441,39.2705,34.9397,32.0270,36.3310,31.3272,30.3653,30.6399,24.1720,18.4426,17.4111,0.0000,10.6845
2022-09-21,37.9087,32.5279,39.0362,34.9445,32.0578,36.1112,31.3166,30.3797,30.6270,24.1609,18.4317,17.3639,0.0000,10.6774
2022-09-22,37.8166,32.4511,38.8791,34.9039,31.9547,35.9662,31.2828,30.3008,30.5535,24.0999,18.3890,17.4196,0.0000,10.6610
2022-09-23,37.5934,32.2632,38.2195,34.8087,31.8044,35.3563,31.2007,30.1718,30.3816,23.9581,18.2843,17.3890,0.0000,10.6214
2022-09-26,37.4413,32.1375,37.5234,34.7867,31.7552,34.7060,31.1831,30.1162,30.2612,23.8685,18.2175,17.3327,0.0000,10.5745
2022-09-27,37.5126,32.1991,37.5176,34.7531,31.8706,34.7029,31.1638,30.2212,30.3084,23.9159,18.2512,17.2741,0.0000,10.5876
2022-09-28,37.4737,32.1684,37.2466,34.7788,31.8521,34.4546,31.1791,30.2118,30.2812,23.8902,18.2320,17.2975,0.0000,10.5814
2022-09-29,37.4903,32.1806,37.1967,34.8062,31.8800,34.4069,31.2026,30.2317,30.2922,23.8998,18.2404,17.4072,0.0000,10.5777
2022-09-30,37.5658,32.2436,37.7741,34.8652,31.8450,34.9413,31.2589,30.2202,30.3573,23.9458,18.2764,17.2892,0.0000,10.6058
2022-10-03,37.4030,32.1045,37.3343,34.8303,31.7375,34.5320,31.2230,30.1080,30.2335,23.8463,18.2045,17.2869,0.0000,10.5636
2022-10-04,37.6241,32.2920,38.1393,34.8771,31.8844,35.2831,31.2691,30.2425,30.3995,23.9850,18.3103,17.2912,0.0000,10.6087
2022-10-06,37.5740,32.2495,38.2865,34.8616,31.7839,35.4126,31.2601,30.1457,30.3690,23.9521,18.2873,17.2757,0.0000,10.6078
2022-10-07,37.5348,32.2151,38.2498,34.8284,31.7354,35.3771,31.2339,30.1024,30.3413,23.9254,18.2673,17.3083,0.0000,10.6022
2022-10-10,37.4835,32.1713,38.1126,34.8054,31.6909,35.2517,31.2154,30.0505,30.3016,23.8941,18.2428,17.3142,0.0000,10.5987
2022-10-11,37.4252,32.1218,37.5580,34.7589,31.7479,34.7293,31.1694,30.0946,30.2503,23.8597,18.2133,17.3330,0.0000,10.5784
2022-10-12,37.4973,32.1829,37.8593,34.7557,31.7837,35.0154,31.1736,30.1286,30.3052,23.9041,18.2466,17.4149,0.0000,10.5945
2022-10-13,37.4676,32.1575,37.5984,34.7484,31.7959,34.7650,31.1642,30.1327,30.2857,23.8858,18.2314,17.4190,0.0000,10.5848
2022-10-14,37.4853,32.1714,37.9098,34.7643,31.7432,35.0624,31.1741,30.0983,30.3148,23.8930,18.2369,17.3474,0.0000,10.5957
2022-10-17,37.6158,32.2829,38.2143,34.8060,31.8578,35.3443,31.2089,30.1991,30.4148,23.9771,18.2972,17.3634,0.0000,10.6187
2022-10-18,37.7098,32.3615,38.6015,34.8646,31.8820,35.7053,31.2646,30.2247,30.4886,24.0355,18.3414,17.3932,0.0000,10.6406
2022-10-19,37.6853,32.3395,38.6206,34.8591,31.8395,35.7206,31.2643,30.1858,30.4719,24.0193,18.3303,17.3514,0.0000,10.6358
2022-10-20,37.6536,32.3126,38.6957,34.8044,31.7984,35.7954,31.2200,30.1632,30.4495,23.9979,18.3190,17.1550,0.0000,10.6443
2022-10-21,37.6287,32.2909,38.7627,34.8159,31.7451,35.8613,31.2285,30.1110,30.4330,23.9811,18.3068,17.2298,0.0000,10.6425
2022-10-25,37.7426,32.3861,38.9925,34.8848,31.8608,36.0771,31.2908,30.2000,30.5190,24.0564,18.3633,17.2430,0.0000,10.6567
2022-10-27,37.8569,32.4827,39.2172,34.9290,31.9551,36.2872,31.3293,30.2904,30.6084,24.1286,18.4167,17.2586,0.0000,10.6858
2022-10-28,37.8656,32.4898,39.2849,34.9318,31.9548,36.3487,31.3345,30.2982,30.6173,24.1335,18.4216,17.2020,0.0000,10.6886
2022-10-31,37.9183,32.5348,39.7601,34.9631,31.9160,36.7945,31.3616,30.2617,30.6624,24.1644,18.4437,17.2723,0.0000,10.7045
2022-11-01,37.9836,32.5884,40.0024,34.9740,31.9673,37.0255,31.3679,30.3055,30.7141,24.2058,18.4749,17.2595,0.0000,10.7175
2022-11-02,37.9702,32.5761,39.8614,34.9761,31.9778,36.8877,31.3713,30.3172,30.7102,24.1971,18.4671,17.2007,0.0000,10.7133
2022-11-03,37.9018,32.5188,39.8256,34.9839,31.8740,36.8518,31.3812,30.2219,30.6495,24.1523,18.4354,17.1589,0.0000,10.7015
2022-11-04,37.9078,32.5238,39.8944,34.9918,31.8812,36.9157,31.3873,30.2241,30.6561,24.1591,18.4407,17.0012,0.0000,10.7072
2022-11-07,37.9794,32.5848,40.0764,35.0190,31.9332,37.0844,31.4095,30.2668,30.7142,24.2029,18.4717,16.9694,0.0000,10.7191
2022-11-09,38.0455,32.6422,39.9568,35.0683,32.0286,36.9705,31.4558,30.3540,30.7634,24.2445,18.5024,17.0090,0.0000,10.7299
2022-11-10,38.0666,32.6618,39.6507,35.0954,32.1168,36.6844,31.4768,30.4338,30.7770,24.2604,18.5129,16.9547,0.0000,10.7296
2022-11-11,38.2607,32.8274,40.2078,35.1644,32.2590,37.2115,31.5336,30.5735,30.9282,24.3841,18.6044,17.0210,0.0000,10.7760
2022-11-14,38.2563,32.8241,40.1770,35.1761,32.2516,37.1799,31.5478,30.5704,30.9335,24.3804,18.6041,17.0259,0.0000,10.7795
2022-11-15,38.3139,32.8729,40.3435,35.2108,32.2851,37.3388,31.5781,30.5882,30.9810,24.4155,18.6282,17.0130,0.0000,10.7898
2022-11-16,38.3249,32.8829,40.3193,35.2234,32.3002,37.3206,31.5864,30.6163,30.9752,24.4246,18.6352,16.9712,0.0000,10.7901
2022-11-17,38.3269,32.8850,40.1766,35.2574,32.3124,37.1909,31.6182,30.6243,30.9760,24.4259,18.6349,16.9826,0.0000,10.7864
2022-11-18,38.2985,32.8610,40.0765,35.2558,32.2882,37.0980,31.6173,30.6012,30.9495,24.4090,18.6217,16.9979,0.0000,10.7809
2022-11-21,38.2648,32.8354,39.8214,35.2386,32.2985,36.8598,31.5978,30.6198,30.9211,24.3886,18.6102,16.9506,0.0000,10.7729
2022-11-22,38.3027,32.8690,39.9917,35.2571,32.3215,37.0199,31.6139,30.6357,30.9552,24.4135,18.6294,17.0896,0.0000,10.7860
2022-11-23,38.3271,32.8859,40.0723,35.2701,32.3347,37.0932,31.6268,30.6406,30.9730,24.4292,18.6365,16.9908,0.0000,10.7873
2022-11-24,38.4385,32.9811,40.4876,35.2867,32.4033,37.4875,31.6484,30.7041,31.0537,24.4988,18.6893,16.9932,0.0000,10.8121
2022-11-25,38.4439,32.9858,40.5679,35.3147,32.3764,37.5589,31.6691,30.6848,31.0669,24.5018,18.6909,16.9755,0.0000,10.8155
2022-11-28,38.5183,33.0492,40.6983,35.3458,32.4461,37.6761,31.7005,30.7478,31.1258,24.5491,18.7254,17.0010,0.0000,10.8279
2022-11-29,38.5259,33.0528,40.8123,35.3411,32.4294,37.7863,31.6988,30.7237,31.1264,24.5541,18.7274,16.9469,0.0000,10.8339
2022-11-30,38.5791,33.0966,41.1128,35.3594,32.4290,38.0680,31.7181,30.7357,31.1776,24.5853,18.7515,16.9922,0.0000,10.8458
2022-12-01,38.6769,33.1786,41.2479,35.3795,32.5403,38.1945,31.7339,30.8247,31.2547,24.6447,18.7978,17.0281,0.0000,10.8627
2022-12-02,38.6611,33.1669,41.0673,35.3778,32.5540,38.0200,31.7270,30.8415,31.2447,24.6368,18.7928,17.0219,0.0000,10.8591
2022-12-05,38.6828,33.1873,41.0537,35.4058,32.5739,38.0102,31.7416,30.8683,31.2637,24.6522,18.8054,16.9930,0.0000,10.8720
2022-12-06,38.6485,33.1595,40.9136,35.4114,32.5519,37.8819,31.7463,30.8499,31.2386,24.6317,18.7889,16.9594,0.0000,10.8657
2022-12-07,38.6117,33.1281,40.7933,35.3877,32.5229,37.7745,31.7227,30.8420,31.2060,24.6068,18.7730,17.0743,0.0000,10.8580
2022-12-08,38.6397,33.1511,40.9427,35.4046,32.5266,37.9151,31.7346,30.8324,31.2357,24.6231,18.7838,17.0835,0.0000,10.8619
2022-12-09,38.5769,33.0982,40.7224,35.4170,32.4735,37.7104,31.7453,30.7788,31.1928,24.5836,18.7536,17.1097,0.0000,10.8452
2022-12-12,38.5950,33.1144,40.7177,35.4419,32.4999,37.7039,31.7679,30.8058,31.2006,24.5956,18.7636,17.1117,0.0000,10.8479
2022-12-13,38.6352,33.1489,40.9391,35.4532,32.5509,37.9149,31.7778,30.8542,31.2489,24.6204,18.7963,17.0943,0.0000,10.8652
2022-12-14,38.7346,33.2328,41.0537,35.4984,32.6195,38.0221,31.8107,30.9078,31.3076,24.6843,18.8291,17.0916,0.0000,10.8790
2022-12-15,38.6421,33.1549,40.5674,35.4823,32.5857,37.5666,31.7958,30.8841,31.2386,24.6253,18.7856,17.1056,0.0000,10.8568
2022-12-16,38.5693,33.0938,40.1943,35.4721,32.5575,37.2197,31.7919,30.8643,31.1792,24.5788,18.7501,17.1351,0.0000,10.8421
2022-12-19,38.6371,33.1511,40.5121,35.4942,32.5804,37.5137,31.8104,30.8945,31.2271,24.6214,18.7830,17.1433,0.0000,10.8566
2022-12-20,38.5994,33.1184,40.4305,35.5069,32.5440,37.4364,31.8214,30.8610,31.2322,24.6001,18.7669,17.1380,0.0000,10.8527
2022-12-21,38.5551,33.0801,40.0201,35.5066,32.5662,37.0535,31.8196,30.8786,31.1924,24.5738,18.7476,17.1318,0.0000,10.8398
2022-12-22,38.5275,33.0580,39.8688,35.5137,32.5533,36.9087,31.8216,30.8697,31.1774,24.5574,18.7349,17.1174,0.0000,10.8335
2022-12-23,38.4045,32.9555,39.1474,35.4919,32.5305,36.2347,31.8036,30.8539,31.0772,24.4813,18.6779,17.0404,0.0000,10.8089
2022-12-26,38.4640,33.0048,39.6226,35.4858,32.5221,36.6822,31.8008,30.8383,31.1274,24.5181,18.7054,16.9828,0.0000,10.8270
2022-12-27,38.5189,33.0504,39.8606,35.5024,32.5438,36.9045,31.8118,30.8495,31.1727,24.5516,18.7305,16.9836,0.0000,10.8388
2022-12-28,38.5126,33.0461,39.8293,35.4941,32.5436,36.8748,31.8043,30.8528,31.1642,24.5481,18.7279,16.9925,0.0000,10.8380
2022-12-29,38.5524,33.0788,39.9448,35.5253,32.5575,36.9863,31.8355,30.8649,31.1941,24.5728,18.7441,16.9911,0.0000,10.8442
2022-12-30,38.5344,33.0664,39.7882,35.5454,32.5540,36.8348,31.8512,30.8678,31.1753,24.5630,18.7372,17.0082,0.0000,10.8396
2023-01-02,38.5713,33.0969,39.9840,35.5438,32.5607,37.0197,31.8486,30.8737,31.2048,24.5844,18.7553,17.0930,0.0000,10.8497
2023-01-03,38.5980,33.1189,40.0802,35.5549,32.5778,37.1105,31.8547,30.8802,31.2262,24.6012,18.7686,17.1066,0.0000,10.8568
2023-01-04,38.5644,33.0898,39.7154,35.5632,32.6059,36.7639,31.8605,30.9056,31.2050,24.5798,18.7534,17.0887,0.0000,10.8455
2023-01-05,38.5569,33.0845,39.6469,35.5727,32.6088,36.7034,31.8673,30.9128,31.2028,24.5749,18.7504,17.0895,0.0000,10.8455
2023-01-06,38.4842,33.0228,39.3746,35.5472,32.5704,36.4462,31.8440,30.8791,31.1487,24.5287,18.7157,17.0819,0.0000,10.8274
2023-01-09,38.6126,33.1313,39.8598,35.5949,32.6401,36.9112,31.8872,30.9365,31.2498,24.6096,18.7764,17.0886,0.0000,10.8550
2023-01-10,38.5898,33.1132,39.5100,35.5788,32.6851,36.5787,31.8741,30.9808,31.2257,24.5967,18.7661,17.1340,0.0000,10.8465
2023-01-11,38.6057,33.1258,39.4345,35.5948,32.7155,36.5074,31.8895,31.0053,31.2363,24.6076,18.7733,17.1449,0.0000,10.8459
2023-01-12,38.6250,33.1427,39.3553,35.6420,32.7437,36.4356,31.9281,31.0285,31.2518,24.6203,18.7827,17.1754,0.0000,10.8468
2023-01-13,38.6600,33.1710,39.5283,35.6308,32.7603,36.6016,31.9159,31.0474,31.2817,24.6414,18.7989,17.1311,0.0000,10.8570
2023-01-16,38.6453,33.1579,39.4140,35.6437,32.7457,36.4942,31.9253,31.0400,31.2690,24.6317,18.7910,17.1299,0.0000,10.8574
2023-01-17,38.6892,33.1954,39.7091,35.6463,32.7397,36.7785,31.9255,31.0366,31.3055,24.6580,18.8083,17.1343,0.0000,10.8696
2023-01-18,38.7271,33.2268,39.9198,35.6563,32.7561,36.9812,31.9342,31.0492,31.3380,24.6823,18.8281,17.0569,0.0000,10.8817
2023-01-19,38.7438,33.2393,39.7929,35.6532,32.8008,36.8643,31.9344,31.0850,31.3560,24.6915,18.8358,17.0517,0.0000,10.8819
2023-01-20,38.6778,33.1839,39.6050,35.6460,32.7445,36.6919,31.9273,31.0314,31.3031,24.6485,18.8039,17.0574,0.0000,10.8710
2023-01-23,38.7208,33.2204,39.7893,35.6713,32.7607,36.8662,31.9483,31.0531,31.3373,24.6754,18.8229,17.0937,0.0000,10.8833
2023-01-24,38.7156,33.2160,39.7590,35.6790,32.7648,36.8397,31.9599,31.0579,31.3280,24.6737,18.8212,17.0983,0.0000,10.8792
2023-01-25,38.6353,33.1483,39.2331,35.6857,32.7647,36.3450,31.9731,31.0578,31.2640,24.6256,18.7867,17.0587,0.0000,10.8612
2023-01-27,38.5007,33.0344,38.6498,35.6618,32.6967,35.7977,31.9525,30.9993,31.1644,24.5412,18.7220,16.9896,0.0000,10.8363
2023-01-30,38.4938,33.0297,38.7201,35.6667,32.6720,35.8592,31.9650,30.9696,31.1670,24.5355,18.7196,16.9625,0.0000,10.8417
2023-01-31,38.5524,33.0798,38.8499,35.6739,32.7349,35.9771,31.9720,31.0289,31.2066,24.5746,18.7483,16.9395,0.0000,10.8518
2023-02-01,38.6058,33.1247,38.7588,35.7081,32.8376,35.9038,31.9988,31.1162,31.2483,24.6110,18.7767,16.8272,0.0000,10.8596
2023-02-02,38.6767,33.1836,38.8638,35.7356,32.8865,36.0046,32.0183,31.1718,31.3034,24.6515,18.8033,16.6157,0.0000,10.8728
2023-02-03,38.7590,33.2535,39.3453,35.7399,32.9027,36.4568,32.0198,31.1840,31.3699,24.7030,18.8420,16.6065,0.0000,10.8927
2023-02-06,38.7300,33.2295,39.2477,35.7540,32.8691,36.3625,32.0346,31.1559,31.3512,24.6849,18.8256,16.6612,0.0000,10.8874
2023-02-07,38.7303,33.2316,39.1369,35.7631,32.8872,36.2566,32.0390,31.1748,31.3475,24.6849,18.8247,16.6263,0.0000,10.8827
2023-02-08,38.7268,33.2274,39.3786,35.7327,32.8399,36.4825,32.0159,31.1269,31.3467,24.6802,18.8239,16.6475,0.0000,10.8920
2023-02-09,38.7188,33.2186,39.4406,35.7197,32.8228,36.5313,32.0065,31.1132,31.3435,24.6736,18.8201,16.6369,0.0000,10.8951
2023-02-10,38.7094,33.2101,39.3928,35.7342,32.8060,36.4903,32.0217,31.1041,31.3322,24.6698,18.8151,16.7320,0.0000,10.8908
2023-02-13,38.6843,33.1879,39.1834,35.7502,32.8070,36.2948,32.0370,31.1032,31.3165,24.6550,18.8012,16.7282,0.0000,10.8852
2023-02-14,38.7004,33.2012,39.4618,35.7094,32.7968,36.5583,31.9992,31.0869,31.3330,24.6668,18.8081,16.6493,0.0000,10.8924
2023-02-15,38.7573,33.2511,39.6675,35.7126,32.8359,36.7484,31.9992,31.1307,31.3725,24.7047,18.8373,16.7323,0.0000,10.9039
2023-02-16,38.7917,33.2832,39.7326,35.7196,32.8714,36.8095,32.0092,31.1694,31.3936,24.7215,18.8546,16.7566,0.0000,10.9142
2023-02-17,38.7322,33.2316,39.5274,35.6813,32.8403,36.6228,31.9746,31.1396,31.3512,24.6814,18.8249,16.7056,0.0000,10.9025
2023-02-20,38.7488,33.2467,39.3291,35.7144,32.8869,36.4402,32.0006,31.1820,31.3566,24.6928,18.8330,16.7620,0.0000,10.9014
2023-02-21,38.7293,33.2309,39.2972,35.7174,32.8725,36.4108,32.0077,31.1732,31.3436,24.6798,18.8273,16.7460,0.0000,10.9024
2023-02-22,38.6228,33.1403,38.7592,35.7131,32.8278,35.9081,32.0053,31.1184,31.2637,24.6137,18.7755,16.6769,0.0000,10.8820
2023-02-23,38.6283,33.1456,38.6657,35.7204,32.8519,35.8224,32.0163,31.1354,31.2635,24.6192,18.7795,16.6519,0.0000,10.8784
2023-02-24,38.6197,33.1383,38.6024,35.7395,32.8359,35.7666,32.0302,31.1249,31.2549,24.6122,18.7741,16.6881,0.0000,10.8729
2023-02-27,38.5853,33.1088,38.4449,35.7405,32.8162,35.6211,32.0316,31.1042,31.2306,24.5898,18.7577,16.6091,0.0000,10.8697
2023-02-28,38.5627,33.0904,38.2850,35.7627,32.8107,35.4689,32.0585,31.0962,31.2089,24.5768,18.7472,16.4612,0.0000,10.8600
2023-03-01,38.6174,33.1363,38.6112,35.7591,32.8251,35.7672,32.0536,31.1062,31.2524,24.6126,18.7726,16.5502,0.0000,10.8715
2023-03-02,38.5799,33.1043,38.3466,35.7565,32.8260,35.5172,32.0520,31.1147,31.2237,24.5893,18.7538,16.5147,0.0000,10.8624
2023-03-03,38.6750,33.1848,38.8792,35.7649,32.8503,36.0090,32.0539,31.1431,31.2978,24.6502,18.7988,16.5516,0.0000,10.8891
2023-03-06,38.7283,33.2301,39.1028,35.7774,32.8644,36.2192,32.0736,31.1575,31.3435,24.6811,18.8212,16.5910,0.0000,10.8973
2023-03-08,38.6852,33.1928,39.2067,35.7655,32.7928,36.3108,32.0617,31.0805,31.3175,24.6550,18.8037,16.5599,0.0000,10.8970
2023-03-09,38.6491,33.1621,38.8700,35.7742,32.8058,35.9966,32.0641,31.0932,31.2888,24.6321,18.7869,16.5604,0.0000,10.8859
2023-03-10,38.6224,33.1387,38.5342,35.7869,32.8301,35.6887,32.0660,31.1217,31.2614,24.6175,18.7740,16.5432,0.0000,10.8769
2023-03-13,38.6405,33.1567,37.9532,35.8629,32.9470,35.1510,32.1388,31.2332,31.2751,24.6329,18.7838,16.4945,0.0000,10.8675
2023-03-14,38.6565,33.1711,37.7666,35.8828,32.9778,34.9761,32.1571,31.2891,31.2788,24.6420,18.7860,16.4837,0.0000,10.8615
2023-03-15,38.6199,33.1412,37.6225,35.8675,32.9833,34.8526,32.1551,31.2701,31.2558,24.6221,18.7705,16.4254,0.0000,10.8567
2023-03-16,38.6500,33.1658,37.6972,35.8683,33.0128,34.9151,32.1589,31.3035,31.2801,24.6408,18.7845,16.4364,0.0000,10.8646
2023-03-17,38.6912,33.2006,37.9361,35.8812,33.0174,35.1304,32.1718,31.3100,31.3094,24.6676,18.8049,16.3935,0.0000,10.8752
2023-03-20,38.7340,33.2359,37.6930,35.9310,33.1153,34.9115,32.2105,31.4065,31.3421,24.6951,18.8262,16.4706,0.0000,10.8762
2023-03-21,38.7536,33.2513,37.9446,35.9415,33.0853,35.1516,32.2263,31.3823,31.3639,24.7059,18.8346,16.4676,0.0000,10.8778
2023-03-23,38.7673,33.2654,37.8896,35.9606,33.1167,35.0951,32.2476,31.4161,31.3732,24.7148,18.8422,16.4432,0.0000,10.8802
2023-03-24,38.7355,33.2398,37.6155,35.9554,33.1508,34.8397,32.2191,31.4328,31.2799,24.6962,18.8312,16.7298,0.0000,10.8703
2023-03-27,38.7830,33.2798,37.6665,35.9947,33.1912,34.8928,32.2636,31.4682,31.3818,24.7271,18.8529,16.6197,0.0000,10.8773
2023-03-28,38.7780,33.2746,37.5730,35.9742,33.2021,34.8086,32.2531,31.4908,31.3754,24.7251,18.8512,16.4937,0.0000,10.8794
2023-03-29,38.8496,33.3376,37.8612,36.0024,33.2342,35.0742,32.2768,31.5273,31.4255,24.7698,18.8866,16.7893,0.0000,10.8962
2023-03-31,38.9700,33.4412,38.4381,36.0621,33.2495,35.6083,32.3192,31.5466,31.5277,24.8453,18.9458,16.8699,0.0000,10.9306
2023-04-03,38.9900,33.4566,38.5337,36.0519,33.2619,35.6925,32.3172,31.5499,31.5500,24.8559,18.9509,16.8061,0.0000,10.9376
2023-04-05,39.1042,33.5522,38.7795,36.1175,33.3491,35.9246,32.3702,31.6301,31.6446,24.9260,19.0030,16.8166,0.0000,10.9517
2023-04-06,39.2242,33.6561,38.8729,36.2277,33.4510,36.0059,32.4610,31.7376,31.7277,25.0034,19.0619,16.8716,0.0000,10.9698
2023-04-10,39.2464,33.6729,38.8992,36.2561,33.4713,36.0331,32.4937,31.7515,31.7542,25.0144,19.0721,16.8276,0.0000,10.9787
2023-04-11,39.2773,33.6996,39.1132,36.2777,33.4595,36.2278,32.5183,31.7419,31.7784,25.0316,19.0875,16.8154,0.0000,10.9867
2023-04-12,39.3082,33.7275,39.2759,36.2842,33.4792,36.3911,32.5309,31.7458,31.8012,25.0520,19.1042,16.8557,0.0000,10.9954
2023-04-13,39.3031,33.7233,39.3318,36.2885,33.4532,36.4396,32.5383,31.7244,31.8003,25.0477,19.1012,16.8269,0.0000,10.9959
2023-04-17,39.2945,33.7166,39.1612,36.3116,33.4684,36.2747,32.5581,31.7351,31.7919,25.0445,19.0979,16.8544,0.0000,10.9953
2023-04-18,39.3096,33.7306,39.1113,36.3314,33.4964,36.2255,32.5736,31.7632,31.8015,25.0549,19.1083,16.8965,0.0000,10.9948
2023-04-19,39.3022,33.7248,38.9871,36.3549,33.5077,36.1087,32.5911,31.7704,31.7985,25.0516,19.1076,16.8945,0.0000,10.9939
2023-04-20,39.3253,33.7424,39.0340,36.3666,33.5309,36.1608,32.5914,31.7843,31.8180,25.0658,19.1169,16.8947,0.0000,10.9990
2023-04-21,39.3689,33.7806,39.0031,36.4019,33.6006,36.1415,32.6210,31.8440,31.8471,25.0951,19.1408,16.9175,0.0000,11.0036
2023-04-24,39.4954,33.8876,39.2156,36.4665,33.7148,36.3419,32.6735,31.9526,31.9392,25.1750,19.2029,16.9009,0.0000,11.0234
2023-04-25,39.5636,33.9445,39.3172,36.5021,33.7827,36.4362,32.7024,32.0143,31.9898,25.2165,19.2371,16.8721,0.0000,11.0345
2023-04-26,39.6006,33.9749,39.4490,36.5298,33.7923,36.5566,32.7235,32.0305,32.0175,25.2396,19.2548,16.9528,0.0000,11.0388
2023-04-27,39.6503,34.0148,39.6496,36.5308,33.8134,36.7422,32.7245,32.0569,32.0639,25.2685,19.2746,16.9149,0.0000,11.0479
2023-04-28,39.6993,34.0558,39.9768,36.5287,33.8103,37.0457,32.7265,32.0541,32.0987,25.2967,19.2956,17.0648,0.0000,11.0586
2023-05-02,39.7437,34.0955,40.1450,36.5532,33.8349,37.1986,32.7493,32.0766,32.1344,25.3252,19.3191,17.1565,0.0000,11.0704
2023-05-03,39.8680,34.1997,40.0590,36.6254,34.0146,37.1199,32.8050,32.2330,32.2158,25.4055,19.3797,17.1805,0.0000,11.0813
2023-05-04,39.9311,34.2543,40.3681,36.6403,34.0534,37.4167,32.8212,32.2581,32.2620,25.4440,19.4151,17.1239,0.0000,11.0940
